-- liquibase formatted sql

-- changeset pmunoz:1
CREATE TABLE "t_group" ("group_id" INTEGER GENERATED BY DEFAULT AS IDENTITY (START WITH 8) NOT NULL, "group_describe" VARCHAR(255) NOT NULL, "group_code" VARCHAR(255), CONSTRAINT "pk_group_id" PRIMARY KEY ("group_id"));

-- changeset pmunoz:2
CREATE TABLE "t_period" ("period_id" INTEGER GENERATED BY DEFAULT AS IDENTITY (START WITH 12) NOT NULL, "period_describe" VARCHAR(255) NOT NULL, "period_start_period" date NOT NULL, "period_end_period" date NOT NULL, "period_start_poll" date NOT NULL, "period_end_poll" date NOT NULL, "period_status_id" INTEGER NOT NULL, CONSTRAINT "pk_period_id" PRIMARY KEY ("period_id"));

-- changeset pmunoz:3
CREATE TABLE "t_poll" ("poll_id" INTEGER GENERATED BY DEFAULT AS IDENTITY (START WITH 38) NOT NULL, "poll_describe" VARCHAR(255) NOT NULL, "poll_period_id" INTEGER NOT NULL, "poll_code" VARCHAR(10) NOT NULL, "poll_status_id" INTEGER, "poll_start" date, "poll_end" date, "poll_index" INTEGER, CONSTRAINT "pk_poll_id" PRIMARY KEY ("poll_id"));

-- changeset pmunoz:4
CREATE TABLE "t_detail_poll" ("detail_poll_id" INTEGER GENERATED BY DEFAULT AS IDENTITY (START WITH 17) NOT NULL, "detail_poll_poll_id" INTEGER NOT NULL, "detail_poll_question_id" INTEGER NOT NULL, "detail_poll_answer" VARCHAR(600) NOT NULL, "detail_poll_user_id" INTEGER NOT NULL, "detail_poll_answer_date" TIMESTAMP WITHOUT TIME ZONE, CONSTRAINT "pk_detail_poll_id" PRIMARY KEY ("detail_poll_id"));

-- changeset pmunoz:5
CREATE TABLE "t_comment" ("comment_id" INTEGER GENERATED BY DEFAULT AS IDENTITY (START WITH 72) NOT NULL, "comment_describe" VARCHAR(600) NOT NULL, "comment_user_from_id" INTEGER NOT NULL, "comment_status_id" INTEGER NOT NULL, "comment_date" TIMESTAMP WITHOUT TIME ZONE NOT NULL, "comment_type" BOOLEAN DEFAULT TRUE NOT NULL, "comment_comment_type_id" INTEGER DEFAULT 0, "comment_objective_id" INTEGER, "comment_by_group" BOOLEAN, CONSTRAINT "pk_comment_id" PRIMARY KEY ("comment_id"));
COMMENT ON COLUMN "t_comment"."comment_type" IS 'Public = True / Private = False';

-- changeset pmunoz:6
CREATE TABLE "t_comment_feedback" ("comment_feedback_id" INTEGER GENERATED BY DEFAULT AS IDENTITY (START WITH 13) NOT NULL, "comment_feedback_comment_id" INTEGER NOT NULL, "comment_feedback_describe" VARCHAR(600) NOT NULL, "comment_feedback_user_from_id" INTEGER NOT NULL, "comment_feedback_status_id" INTEGER NOT NULL, "comment_feedback_type" BOOLEAN DEFAULT TRUE NOT NULL, "comment_feedback_date" TIMESTAMP WITHOUT TIME ZONE NOT NULL, CONSTRAINT "pk_comment_feeback_id" PRIMARY KEY ("comment_feedback_id"));
COMMENT ON COLUMN "t_comment_feedback"."comment_feedback_type" IS 'Public = True / Private = False';

-- changeset pmunoz:7
CREATE TABLE "t_objective_type" ("objective_type_id" INTEGER GENERATED BY DEFAULT AS IDENTITY (START WITH 3) NOT NULL, "objective_type_describe" VARCHAR(255) NOT NULL, "objective_type_status_id" INTEGER NOT NULL, CONSTRAINT "pk_id_objective_type" PRIMARY KEY ("objective_type_id"));

-- changeset pmunoz:8
CREATE TABLE "t_roll" ("roll_id" INTEGER GENERATED BY DEFAULT AS IDENTITY (START WITH 7) NOT NULL, "roll_describe" VARCHAR(255) NOT NULL, CONSTRAINT "pk_roll_id" PRIMARY KEY ("roll_id"));

-- changeset pmunoz:9
CREATE TABLE "t_roll_user" ("roll_user_id" INTEGER GENERATED BY DEFAULT AS IDENTITY (START WITH 28) NOT NULL, "roll_roll_user_id" INTEGER NOT NULL, "roll_roll_id" INTEGER NOT NULL, CONSTRAINT "pk_roll_user_id" PRIMARY KEY ("roll_user_id"));

-- changeset pmunoz:10
CREATE TABLE "t_module" ("module_id" INTEGER GENERATED BY DEFAULT AS IDENTITY (START WITH 6) NOT NULL, "module_describe" VARCHAR(255) NOT NULL, "module_param" INTEGER DEFAULT 0, CONSTRAINT "pk_module_id" PRIMARY KEY ("module_id"));

-- changeset pmunoz:11
CREATE TABLE "t_module_roll" ("module_roll_id" INTEGER GENERATED BY DEFAULT AS IDENTITY (START WITH 43) NOT NULL, "module_roll_module_id" INTEGER NOT NULL, "module_roll_edit" BOOLEAN DEFAULT TRUE, "module_roll_option_module_id" INTEGER NOT NULL, "module_roll_roll_id" INTEGER NOT NULL);

-- changeset pmunoz:12
CREATE TABLE "t_user" ("user_id" INTEGER GENERATED BY DEFAULT AS IDENTITY (START WITH 21) NOT NULL, "user_password" VARCHAR(255) NOT NULL, "user_name" VARCHAR(255) NOT NULL, "user_last_name" VARCHAR(255) NOT NULL, "user_phone" VARCHAR(255) NOT NULL, "user_profile_id" INTEGER NOT NULL, "user_email" VARCHAR(255) NOT NULL, "user_group_id" INTEGER, "user_status_id" INTEGER NOT NULL, "user_user" VARCHAR(35), "user_created_date" TIMESTAMP WITHOUT TIME ZONE DEFAULT NOW(), "user_leader_id" INTEGER, "user_last_login" TIMESTAMP WITHOUT TIME ZONE, "user_activated_date" date, CONSTRAINT "pk_user_id" PRIMARY KEY ("user_id"));
COMMENT ON COLUMN "t_user"."user_email" IS 'Unique email to system';
COMMENT ON COLUMN "t_user"."user_user" IS 'Unique user to system';

-- changeset pmunoz:13
CREATE TABLE "t_objective" ("objective_id" INTEGER GENERATED BY DEFAULT AS IDENTITY (START WITH 235) NOT NULL, "objective_describe" VARCHAR(600) NOT NULL, "objective_objective_type_id" INTEGER NOT NULL, "objective_qualify" INTEGER DEFAULT 0, "objective_observations" TEXT, "objective_user_id" INTEGER NOT NULL, "objective_group_id" INTEGER NOT NULL, "objective_status_id" INTEGER NOT NULL, "objective_created_date" TIMESTAMP WITHOUT TIME ZONE DEFAULT NOW(), "objective_period_id" INTEGER, "objective_align_group_id" INTEGER, "objective_align_user_id" INTEGER, "objective_align_objective_id" INTEGER, CONSTRAINT "pk_objective_id" PRIMARY KEY ("objective_id"));

-- changeset pmunoz:14
CREATE TABLE "t_status" ("status_id" BIGINT NOT NULL, "status_describe" VARCHAR(255), "status_param" INTEGER DEFAULT 0, "status_type" VARCHAR(1), CONSTRAINT "t_status_pkey" PRIMARY KEY ("status_id"));
COMMENT ON COLUMN "t_status"."status_type" IS 'U=user, O=objective, Q=question, C=comment, T=period, P=poll, S=poll_user';

-- changeset pmunoz:15
CREATE TABLE "t_answer_value" ("answer_value_id" INTEGER GENERATED BY DEFAULT AS IDENTITY NOT NULL, "answer_type_id" INTEGER NOT NULL, "answer_value_describe" VARCHAR(600) NOT NULL, "answer_value" INTEGER NOT NULL, CONSTRAINT "pk_answer_value_id" PRIMARY KEY ("answer_value_id"));

-- changeset pmunoz:16
CREATE TABLE "t_answer_type" ("answer_type_id" INTEGER GENERATED BY DEFAULT AS IDENTITY (START WITH 3) NOT NULL, "answer_type_describe" VARCHAR(30) NOT NULL, CONSTRAINT "pk_answer_type_id" PRIMARY KEY ("answer_type_id"));

-- changeset pmunoz:17
CREATE TABLE "t_question" ("question_id" INTEGER GENERATED BY DEFAULT AS IDENTITY (START WITH 29) NOT NULL, "question_describe" VARCHAR(255) NOT NULL, "question_answer_type_id" INTEGER NOT NULL, "question_status_id" INTEGER NOT NULL, "question_options" VARCHAR(255), CONSTRAINT "pk_question_id" PRIMARY KEY ("question_id"));

-- changeset pmunoz:18
CREATE TABLE "t_comment_type" ("comment_type_id" INTEGER GENERATED BY DEFAULT AS IDENTITY (START WITH 4) NOT NULL, "comment_type_describe" VARCHAR(255) NOT NULL, "comment_type_status_id" INTEGER NOT NULL, CONSTRAINT "pk_id_comment_type" PRIMARY KEY ("comment_type_id"));

-- changeset pmunoz:19
CREATE TABLE "t_commitment" ("commitment_id" INTEGER GENERATED BY DEFAULT AS IDENTITY (START WITH 72) NOT NULL, "commitment_objective_id" INTEGER NOT NULL, "commitment_measure_id" INTEGER NOT NULL, "commitment_describe" VARCHAR(255) NOT NULL, "commitment_date" date NOT NULL, "commitment_advance" VARCHAR(100) NOT NULL, "commitment_goal" VARCHAR(100) NOT NULL, "commitment_created_date" TIMESTAMP WITHOUT TIME ZONE, CONSTRAINT "pk_commitment_id" PRIMARY KEY ("commitment_id"));

-- changeset pmunoz:20
CREATE TABLE "t_measure" ("measure_id" INTEGER GENERATED BY DEFAULT AS IDENTITY (START WITH 6) NOT NULL, "measure_describe" VARCHAR(10) NOT NULL, CONSTRAINT "pk_measure_id" PRIMARY KEY ("measure_id"));

-- changeset pmunoz:21
CREATE TABLE "t_poll_question" ("poll_question_id" INTEGER GENERATED BY DEFAULT AS IDENTITY (START WITH 82) NOT NULL, "poll_question_poll_id" INTEGER NOT NULL, "poll_question_question_id" INTEGER NOT NULL, "poll_question_required" BOOLEAN DEFAULT FALSE NOT NULL, CONSTRAINT "pk_poll_question_id" PRIMARY KEY ("poll_question_id"));

-- changeset pmunoz:22
CREATE TABLE "t_poll_type" ("poll_type_id" INTEGER GENERATED BY DEFAULT AS IDENTITY (START WITH 3) NOT NULL, "poll_type_describe" VARCHAR(600) NOT NULL, CONSTRAINT "pk_poll_type_id" PRIMARY KEY ("poll_type_id"));

-- changeset pmunoz:23
CREATE TABLE "t_configuration_poll" ("configuration_poll_id" INTEGER GENERATED BY DEFAULT AS IDENTITY (START WITH 19) NOT NULL, "configuration_poll_required" BOOLEAN DEFAULT TRUE NOT NULL, "configuration_poll_period_id" INTEGER, "configuration_poll_question_id" INTEGER NOT NULL, "configuration_poll_poll_type_id" INTEGER NOT NULL, CONSTRAINT "pk_follow_close_poll_id" PRIMARY KEY ("configuration_poll_id"));

-- changeset pmunoz:24
CREATE TABLE "t_notification_type" ("notification_type_id" INTEGER GENERATED BY DEFAULT AS IDENTITY (START WITH 2) NOT NULL, "notification_type_describe" VARCHAR(255) NOT NULL, CONSTRAINT "pk_type_id" PRIMARY KEY ("notification_type_id"));

-- changeset pmunoz:25
CREATE TABLE "t_poll_user" ("poll_user_id" INTEGER GENERATED BY DEFAULT AS IDENTITY (START WITH 70) NOT NULL, "poll_user_user_id" INTEGER NOT NULL, "poll_user_poll_id" INTEGER NOT NULL, "poll_user_created_date" date DEFAULT NOW() NOT NULL, "poll_user_status_id" INTEGER NOT NULL, "poll_user_ended_date" date, CONSTRAINT "pk_poll_user_id" PRIMARY KEY ("poll_user_id"));

-- changeset pmunoz:26
CREATE TABLE "t_notification_log" ("notification_log_id" INTEGER GENERATED BY DEFAULT AS IDENTITY (START WITH 138) NOT NULL, "notification_log_created_date" TIMESTAMP WITHOUT TIME ZONE DEFAULT NOW(), "notification_log_describe" VARCHAR(255) NOT NULL, "notification_log_type_id" INTEGER, CONSTRAINT "pk_log_id" PRIMARY KEY ("notification_log_id"));

-- changeset pmunoz:27
CREATE TABLE "t_comment_user" ("comment_user_id" INTEGER GENERATED BY DEFAULT AS IDENTITY (START WITH 22) NOT NULL, "comment_user_comment_id" INTEGER NOT NULL, "comment_user_to_id" INTEGER NOT NULL, CONSTRAINT "t_comment_user_pk" PRIMARY KEY ("comment_user_id"));

-- changeset pmunoz:28
ALTER TABLE "t_comment_user" ADD CONSTRAINT "t_comment_user" FOREIGN KEY ("comment_user_comment_id") REFERENCES "t_comment" ("comment_id") ON UPDATE NO ACTION ON DELETE NO ACTION;

-- changeset pmunoz:29
CREATE TABLE "t_group_user" ("group_user_id" INTEGER GENERATED BY DEFAULT AS IDENTITY (START WITH 17) NOT NULL, "group_group_id" INTEGER NOT NULL, "user_user_id" INTEGER NOT NULL, CONSTRAINT "pk_group_user_id" PRIMARY KEY ("group_user_id"));

-- changeset pmunoz:30
CREATE TABLE "t_option_module" ("option_module_id" INTEGER GENERATED BY DEFAULT AS IDENTITY (START WITH 15) NOT NULL, "option_module_describe" VARCHAR(255) NOT NULL, "option_module_status_id" INTEGER NOT NULL, CONSTRAINT "pk_option_module_id" PRIMARY KEY ("option_module_id"));

-- changeset pmunoz:31
ALTER TABLE "t_user" ADD CONSTRAINT "t_user_user_email_key" UNIQUE ("user_email");

-- changeset pmunoz:32
ALTER TABLE "t_user" ADD CONSTRAINT "uni_user_user" UNIQUE ("user_user");

-- changeset pmunoz:33
CREATE SEQUENCE  IF NOT EXISTS "t_status_status_id_seq" AS bigint START WITH 1 INCREMENT BY 1 MINVALUE 1 MAXVALUE 9223372036854775807 CACHE 1;

-- changeset pmunoz:34
CREATE TABLE "t_configuration_system" ("configuration_system_id" INTEGER NOT NULL, "configuration_system_describe" VARCHAR(255) NOT NULL, "configuration_system_value" VARCHAR(255) NOT NULL, CONSTRAINT "pk_conf_system__id" PRIMARY KEY ("configuration_system_id"));

-- changeset pmunoz:35
ALTER TABLE "t_user" ADD CONSTRAINT "fk8c4gv8b408e76o4ya0biwyemk" FOREIGN KEY ("user_group_id") REFERENCES "t_group" ("group_id") ON UPDATE NO ACTION ON DELETE NO ACTION;

-- changeset pmunoz:36
ALTER TABLE "t_answer_value" ADD CONSTRAINT "fk_answer_type_id" FOREIGN KEY ("answer_type_id") REFERENCES "t_answer_type" ("answer_type_id") ON UPDATE NO ACTION ON DELETE NO ACTION;

-- changeset pmunoz:37
ALTER TABLE "t_comment" ADD CONSTRAINT "fk_comment_comment_type_id" FOREIGN KEY ("comment_comment_type_id") REFERENCES "t_comment_type" ("comment_type_id") ON UPDATE NO ACTION ON DELETE NO ACTION;

-- changeset pmunoz:38
ALTER TABLE "t_comment_feedback" ADD CONSTRAINT "fk_comment_feeback_comment_id" FOREIGN KEY ("comment_feedback_comment_id") REFERENCES "t_comment" ("comment_id") ON UPDATE NO ACTION ON DELETE NO ACTION;

-- changeset pmunoz:39
ALTER TABLE "t_comment_feedback" ADD CONSTRAINT "fk_comment_feeback_status_id" FOREIGN KEY ("comment_feedback_status_id") REFERENCES "t_status" ("status_id") ON UPDATE NO ACTION ON DELETE NO ACTION;

-- changeset pmunoz:40
ALTER TABLE "t_comment_feedback" ADD CONSTRAINT "fk_comment_feeback_user_from_id" FOREIGN KEY ("comment_feedback_user_from_id") REFERENCES "t_user" ("user_id") ON UPDATE NO ACTION ON DELETE NO ACTION;

-- changeset pmunoz:41
ALTER TABLE "t_comment" ADD CONSTRAINT "fk_comment_objective_id" FOREIGN KEY ("comment_objective_id") REFERENCES "t_objective" ("objective_id") ON UPDATE NO ACTION ON DELETE NO ACTION;

-- changeset pmunoz:42
ALTER TABLE "t_comment" ADD CONSTRAINT "fk_comment_status_id" FOREIGN KEY ("comment_status_id") REFERENCES "t_status" ("status_id") ON UPDATE NO ACTION ON DELETE NO ACTION;

-- changeset pmunoz:43
ALTER TABLE "t_comment" ADD CONSTRAINT "fk_comment_user_from_id" FOREIGN KEY ("comment_user_from_id") REFERENCES "t_user" ("user_id") ON UPDATE NO ACTION ON DELETE NO ACTION;

-- changeset pmunoz:44
ALTER TABLE "t_comment_user" ADD CONSTRAINT "fk_comment_user_to_id" FOREIGN KEY ("comment_user_to_id") REFERENCES "t_user" ("user_id") ON UPDATE NO ACTION ON DELETE NO ACTION;

-- changeset pmunoz:45
ALTER TABLE "t_commitment" ADD CONSTRAINT "fk_commitment_measure_id" FOREIGN KEY ("commitment_measure_id") REFERENCES "t_measure" ("measure_id") ON UPDATE NO ACTION ON DELETE NO ACTION;

-- changeset pmunoz:46
ALTER TABLE "t_commitment" ADD CONSTRAINT "fk_commitment_objective_id" FOREIGN KEY ("commitment_objective_id") REFERENCES "t_objective" ("objective_id") ON UPDATE NO ACTION ON DELETE NO ACTION;

-- changeset pmunoz:47
ALTER TABLE "t_detail_poll" ADD CONSTRAINT "fk_detail_poll_poll_id" FOREIGN KEY ("detail_poll_poll_id") REFERENCES "t_poll" ("poll_id") ON UPDATE NO ACTION ON DELETE NO ACTION;

-- changeset pmunoz:48
ALTER TABLE "t_notification_log" ADD CONSTRAINT "fk_log_type_id" FOREIGN KEY ("notification_log_type_id") REFERENCES "t_notification_type" ("notification_type_id") ON UPDATE NO ACTION ON DELETE NO ACTION;

-- changeset pmunoz:49
ALTER TABLE "t_objective" ADD CONSTRAINT "fk_obj_agroup_id" FOREIGN KEY ("objective_align_group_id") REFERENCES "t_group" ("group_id") ON UPDATE NO ACTION ON DELETE NO ACTION;

-- changeset pmunoz:50
ALTER TABLE "t_objective" ADD CONSTRAINT "fk_obj_aobj_id" FOREIGN KEY ("objective_align_objective_id") REFERENCES "t_objective" ("objective_id") ON UPDATE NO ACTION ON DELETE NO ACTION;

-- changeset pmunoz:51
ALTER TABLE "t_objective" ADD CONSTRAINT "fk_obj_auser_id" FOREIGN KEY ("objective_align_user_id") REFERENCES "t_user" ("user_id") ON UPDATE NO ACTION ON DELETE NO ACTION;

-- changeset pmunoz:52
ALTER TABLE "t_objective" ADD CONSTRAINT "fk_obj_period" FOREIGN KEY ("objective_period_id") REFERENCES "t_period" ("period_id") ON UPDATE NO ACTION ON DELETE NO ACTION;

-- changeset pmunoz:53
ALTER TABLE "t_objective" ADD CONSTRAINT "fk_objective_grupo_id" FOREIGN KEY ("objective_group_id") REFERENCES "t_group" ("group_id") ON UPDATE NO ACTION ON DELETE NO ACTION;

-- changeset pmunoz:54
ALTER TABLE "t_objective" ADD CONSTRAINT "fk_objective_objective_type_id" FOREIGN KEY ("objective_objective_type_id") REFERENCES "t_objective_type" ("objective_type_id") ON UPDATE NO ACTION ON DELETE NO ACTION;

-- changeset pmunoz:55
ALTER TABLE "t_objective" ADD CONSTRAINT "fk_objective_status_id" FOREIGN KEY ("objective_status_id") REFERENCES "t_status" ("status_id") ON UPDATE NO ACTION ON DELETE NO ACTION;

-- changeset pmunoz:56
ALTER TABLE "t_objective_type" ADD CONSTRAINT "fk_objective_type_status_id" FOREIGN KEY ("objective_type_status_id") REFERENCES "t_status" ("status_id") ON UPDATE NO ACTION ON DELETE NO ACTION;

-- changeset pmunoz:57
ALTER TABLE "t_objective" ADD CONSTRAINT "fk_objective_user_id" FOREIGN KEY ("objective_user_id") REFERENCES "t_user" ("user_id") ON UPDATE NO ACTION ON DELETE NO ACTION;

-- changeset pmunoz:58
ALTER TABLE "t_configuration_poll" ADD CONSTRAINT "fk_period_id" FOREIGN KEY ("configuration_poll_period_id") REFERENCES "t_period" ("period_id") ON UPDATE NO ACTION ON DELETE NO ACTION;

-- changeset pmunoz:59
ALTER TABLE "t_period" ADD CONSTRAINT "fk_period_status_id" FOREIGN KEY ("period_status_id") REFERENCES "t_status" ("status_id") ON UPDATE NO ACTION ON DELETE NO ACTION;

-- changeset pmunoz:60
ALTER TABLE "t_poll_question" ADD CONSTRAINT "fk_poll_id" FOREIGN KEY ("poll_question_poll_id") REFERENCES "t_poll" ("poll_id") ON UPDATE NO ACTION ON DELETE NO ACTION;

-- changeset pmunoz:61
ALTER TABLE "t_poll_user" ADD CONSTRAINT "fk_poll_id" FOREIGN KEY ("poll_user_poll_id") REFERENCES "t_poll" ("poll_id") ON UPDATE NO ACTION ON DELETE NO ACTION;

-- changeset pmunoz:62
ALTER TABLE "t_poll" ADD CONSTRAINT "fk_poll_period_id" FOREIGN KEY ("poll_period_id") REFERENCES "t_period" ("period_id") ON UPDATE NO ACTION ON DELETE NO ACTION;

-- changeset pmunoz:63
ALTER TABLE "t_configuration_poll" ADD CONSTRAINT "fk_poll_type_id" FOREIGN KEY ("configuration_poll_poll_type_id") REFERENCES "t_poll_type" ("poll_type_id") ON UPDATE NO ACTION ON DELETE NO ACTION;

-- changeset pmunoz:64
ALTER TABLE "t_configuration_poll" ADD CONSTRAINT "fk_question_id" FOREIGN KEY ("configuration_poll_question_id") REFERENCES "t_question" ("question_id") ON UPDATE NO ACTION ON DELETE NO ACTION;

-- changeset pmunoz:65
ALTER TABLE "t_poll_question" ADD CONSTRAINT "fk_question_id" FOREIGN KEY ("poll_question_question_id") REFERENCES "t_question" ("question_id") ON UPDATE NO ACTION ON DELETE NO ACTION;

-- changeset pmunoz:66
ALTER TABLE "t_poll" ADD CONSTRAINT "fk_status_id" FOREIGN KEY ("poll_status_id") REFERENCES "t_status" ("status_id") ON UPDATE NO ACTION ON DELETE NO ACTION;

-- changeset pmunoz:67
ALTER TABLE "t_poll_user" ADD CONSTRAINT "fk_status_id" FOREIGN KEY ("poll_user_status_id") REFERENCES "t_status" ("status_id") ON UPDATE NO ACTION ON DELETE NO ACTION;

-- changeset pmunoz:68
ALTER TABLE "t_poll_user" ADD CONSTRAINT "fk_user_id" FOREIGN KEY ("poll_user_user_id") REFERENCES "t_user" ("user_id") ON UPDATE NO ACTION ON DELETE NO ACTION;

-- changeset pmunoz:69
ALTER TABLE "t_user" ADD CONSTRAINT "fk_user_status_id" FOREIGN KEY ("user_status_id") REFERENCES "t_status" ("status_id") ON UPDATE NO ACTION ON DELETE NO ACTION;

-- changeset pmunoz:70
INSERT INTO public.t_answer_type (answer_type_id, answer_type_describe) VALUES (1, 'Abierta');
INSERT INTO public.t_answer_type (answer_type_id, answer_type_describe) VALUES (2, 'Cerrada Unica Respuesta');
INSERT INTO public.t_answer_type (answer_type_id, answer_type_describe) VALUES (3, 'Cerrada Multiple Respuesta');

-- changeset pmunoz:71
INSERT INTO public.t_comment_type (comment_type_id, comment_type_describe, comment_type_status_id) VALUES (1, 'Avance', 2);
INSERT INTO public.t_comment_type (comment_type_id, comment_type_describe, comment_type_status_id) VALUES (2, 'Reconocimiento', 2);
INSERT INTO public.t_comment_type (comment_type_id, comment_type_describe, comment_type_status_id) VALUES (3, 'Retroalimentacion', 2);

-- changeset pmunoz:72
INSERT INTO public.t_group (group_id, group_describe, group_code) VALUES (1, 'OPERACIONES', 'OPERACIONES');
INSERT INTO public.t_group (group_id, group_describe, group_code) VALUES (2, 'ARQUITECTURA', 'ARQUITECTURA');
INSERT INTO public.t_group (group_id, group_describe, group_code) VALUES (3, 'COMERCIAL', 'COMERCIAL');
INSERT INTO public.t_group (group_id, group_describe, group_code) VALUES (4, 'DESARROLLO TALENTO', 'DESARROLLO TALENTO');
INSERT INTO public.t_group (group_id, group_describe, group_code) VALUES (5, 'PEOPLE CARE', 'PEOPLE CARE');
INSERT INTO public.t_group (group_id, group_describe, group_code) VALUES (6, 'ATRACCIÓN Y SELECCIÓN', 'ATRACCIÓN Y SELECCIÓN');
INSERT INTO public.t_group (group_id, group_describe, group_code) VALUES (7, 'GERENCIA', 'GERENCIA');

-- changeset pmunoz:73
INSERT INTO public.t_status (status_id, status_describe, status_param, status_type) VALUES (2, 'Atrasado', 1, 'O');
INSERT INTO public.t_status (status_id, status_describe, status_param, status_type) VALUES (3, 'En Riesgo', 1, 'O');
INSERT INTO public.t_status (status_id, status_describe, status_param, status_type) VALUES (4, 'En Pausa', 1, 'O');
INSERT INTO public.t_status (status_id, status_describe, status_param, status_type) VALUES (5, 'Cerrado', 1, 'O');
INSERT INTO public.t_status (status_id, status_describe, status_param, status_type) VALUES (6, 'Activo', 2, 'U');
INSERT INTO public.t_status (status_id, status_describe, status_param, status_type) VALUES (8, 'Activo', 0, 'C');
INSERT INTO public.t_status (status_id, status_describe, status_param, status_type) VALUES (9, 'Inactivo', 0, 'C');
INSERT INTO public.t_status (status_id, status_describe, status_param, status_type) VALUES (10, 'Activa', 0, 'Q');
INSERT INTO public.t_status (status_id, status_describe, status_param, status_type) VALUES (11, 'Inactiva', 0, 'Q');
INSERT INTO public.t_status (status_id, status_describe, status_param, status_type) VALUES (12, 'Activo', 0, 'T');
INSERT INTO public.t_status (status_id, status_describe, status_param, status_type) VALUES (13, 'Inactivo', 0, 'T');
INSERT INTO public.t_status (status_id, status_describe, status_param, status_type) VALUES (14, 'Activa', 0, 'P');
INSERT INTO public.t_status (status_id, status_describe, status_param, status_type) VALUES (15, 'Inactiva', 0, 'P');
INSERT INTO public.t_status (status_id, status_describe, status_param, status_type) VALUES (7, 'Activacion Pendiente', 2, 'U');
INSERT INTO public.t_status (status_id, status_describe, status_param, status_type) VALUES (1, 'En proceso', 1, 'O');
INSERT INTO public.t_status (status_id, status_describe, status_param, status_type) VALUES (16, 'En curso', 0, 'S');
INSERT INTO public.t_status (status_id, status_describe, status_param, status_type) VALUES (17, 'Finalizada', 0, 'S');
INSERT INTO public.t_status (status_id, status_describe, status_param, status_type) VALUES (18, 'Activo', 0, 'M');
INSERT INTO public.t_status (status_id, status_describe, status_param, status_type) VALUES (19, 'inactivo', 0, 'M');
INSERT INTO public.t_status (status_id, status_describe, status_param, status_type) VALUES (20, 'Inactivo', 0, 'U');

-- changeset pmunoz:74
INSERT INTO public.t_objective_type (objective_type_id, objective_type_describe, objective_type_status_id) VALUES (1, 'Desarrollo Personal', 1);
INSERT INTO public.t_objective_type (objective_type_id, objective_type_describe, objective_type_status_id) VALUES (2, 'Equipo', 1);

-- changeset pmunoz:75
INSERT INTO public.t_period (period_id, period_describe, period_start_period, period_end_period, period_start_poll, period_end_poll, period_status_id) VALUES (2, 'Q2-2023', '2023-05-01', '2023-08-31', '2023-09-01', '2023-12-31', 12);
INSERT INTO public.t_period (period_id, period_describe, period_start_period, period_end_period, period_start_poll, period_end_poll, period_status_id) VALUES (3, 'Q3-2023', '2023-09-01', '2023-12-31', '2024-01-01', '2024-04-30', 12);
INSERT INTO public.t_period (period_id, period_describe, period_start_period, period_end_period, period_start_poll, period_end_poll, period_status_id) VALUES (1, 'Q1-2023', '2023-01-01', '2023-04-30', '2023-05-01', '2023-08-31', 13);

-- changeset pmunoz:76
INSERT INTO public.t_user (user_id, user_password, user_name, user_last_name, user_phone, user_profile_id, user_email, user_group_id, user_status_id, user_user, user_created_date, user_leader_id, user_last_login, user_activated_date) VALUES (14, '$2a$10$bPtA4IQz3pScInKxVLGV4urAqA8k2M2yxUPyPWeFBV.3WtWMYHyPe', 'Fary', 'Moreno', '', 1, 'fmoreno@arkusnexus.com', 1, 7, 'fmoreno', '2023-07-01 15:07:37.558', 3, NULL, '2023-07-01');
INSERT INTO public.t_user (user_id, user_password, user_name, user_last_name, user_phone, user_profile_id, user_email, user_group_id, user_status_id, user_user, user_created_date, user_leader_id, user_last_login, user_activated_date) VALUES (20, '$2a$10$Do7hHd/uDIs1YAGQXWqTkOj0RPH7cKclC6uKWcir/RXUXn1pHkHl2', 'Bryan', 'Zapata Ceballos', '3000000000', 1, 'bzapata@cidenet.com.co', 1, 6, 'bzapata', '2023-07-01 00:00:00', 20, '2023-07-31 15:19:52.507722', '2023-07-31');
INSERT INTO public.t_user (user_id, user_password, user_name, user_last_name, user_phone, user_profile_id, user_email, user_group_id, user_status_id, user_user, user_created_date, user_leader_id, user_last_login, user_activated_date) VALUES (12, '$2a$10$zt/qRyN.w/yxvxOfpL4Nd.PO1ZYMUDYindlLRDzqEta0cO3Pb0hza', 'Neil Mateo', 'Granda Muñoz', '3504238431', 1, 'mgranda@cidenet.com.co', 1, 6, 'mgranda', '2023-07-01 00:00:00', 3, '2023-07-31 15:24:39.224444', '2023-07-31');
INSERT INTO public.t_user (user_id, user_password, user_name, user_last_name, user_phone, user_profile_id, user_email, user_group_id, user_status_id, user_user, user_created_date, user_leader_id, user_last_login, user_activated_date) VALUES (4, '$2a$10$oEK2S9Pb6VnDgFUSdCWoSe5q/Of8mq7XrCN8020jbm.NWfee7a53e', 'Diego Armando', 'Castellanos', '3214561122', 1, 'dcastellanos@cidenet.com.co', 1, 20, 'dcastellanos', '2023-07-01 00:00:00', 1, '2023-08-16 16:05:44.715561', '2023-07-01');
INSERT INTO public.t_user (user_id, user_password, user_name, user_last_name, user_phone, user_profile_id, user_email, user_group_id, user_status_id, user_user, user_created_date, user_leader_id, user_last_login, user_activated_date) VALUES (15, '$2a$10$giMWKFGTnqtbs62Xzb0CJeUbP2geXE9noeOpHPFJ1TQIpFHAnz8p2', 'Estefanía ', 'Rodríguez Tabares', '3226862061', 1, 'erodriguez@cidenet.com.co', 1, 7, 'erodriguez', '2023-07-01 15:07:37.558', 3, NULL, '2023-07-01');
INSERT INTO public.t_user (user_id, user_password, user_name, user_last_name, user_phone, user_profile_id, user_email, user_group_id, user_status_id, user_user, user_created_date, user_leader_id, user_last_login, user_activated_date) VALUES (17, '$2a$10$gubTu2l7poZl0BEWUkzL2eCY2nSBKcCX9DuUzSOaeW2XyVECk/Qfq', 'Carolina', 'Henao Bedoya ', '3015904816', 1, 'chenao@cidenet.com.co', 1, 7, 'chenao', '2023-07-01 15:07:37.558', 3, NULL, '2023-07-01');
INSERT INTO public.t_user (user_id, user_password, user_name, user_last_name, user_phone, user_profile_id, user_email, user_group_id, user_status_id, user_user, user_created_date, user_leader_id, user_last_login, user_activated_date) VALUES (1, '$2a$10$brmWwXXEkXcAHzvWREOyHu.MqqgyTRE1z.H5Toev5HWb9gaa5NgC6', 'Admin', 'Pruebas', '3214561122', 1, 'soporte@mytiim.com', 1, 6, 'adminpruebas', '2023-07-01 00:00:00', 9, '2023-08-16 16:30:53.600795', '2023-07-01');
INSERT INTO public.t_user (user_id, user_password, user_name, user_last_name, user_phone, user_profile_id, user_email, user_group_id, user_status_id, user_user, user_created_date, user_leader_id, user_last_login, user_activated_date) VALUES (13, '$2a$10$NDOkqg2dlfAFy9dzXeWdNO2TEk.rgsSA1ekrzDyaVEUQ4/SZAAiPi', 'Alicia Steffani ', 'Estrada Osorno', '3003114464', 1, 'asestrada@cidenet.com.co', 1, 6, 'asestrada', '2023-07-01 00:00:00', 3, '2023-08-02 10:57:07.968317', '2023-07-31');
INSERT INTO public.t_user (user_id, user_password, user_name, user_last_name, user_phone, user_profile_id, user_email, user_group_id, user_status_id, user_user, user_created_date, user_leader_id, user_last_login, user_activated_date) VALUES (2, '$2a$10$G7zMzV/oskh0mPU/vJqtt.fpIhNO2c7IzHJ/KhMpKo4.tU/aY2fwi', 'Juan Diego', 'Echeverry', '3214561122', 1, 'jecheverri@cidenet.com.co', 1, 6, 'jecheverri', '2023-07-01 00:00:00', 1, '2023-07-13 10:09:03.64861', '2023-07-01');
INSERT INTO public.t_user (user_id, user_password, user_name, user_last_name, user_phone, user_profile_id, user_email, user_group_id, user_status_id, user_user, user_created_date, user_leader_id, user_last_login, user_activated_date) VALUES (3, '$2a$10$iyyDepkeN0qmqqrnlA.wz.w7Ip4EUOYFbHSmbrMq//92EiP7BDAAW', 'Julian', 'Jimenez', '3214561122', 1, 'jjimenez@cidenet.com.co', 1, 6, 'jjimenez', '2023-07-01 00:00:00', 2, '2023-08-02 14:04:02.878447', '2023-07-01');
INSERT INTO public.t_user (user_id, user_password, user_name, user_last_name, user_phone, user_profile_id, user_email, user_group_id, user_status_id, user_user, user_created_date, user_leader_id, user_last_login, user_activated_date) VALUES (9, '$2a$10$22Fys72QKbVkHRWCWsrDRO5KqSEiYm2ryHQqMKhDHPsB1ketmH.3C', 'Hernan Dario', 'Martinez', '3214561122', 1, 'hmartinez@cidenet.com.co', 1, 6, 'hmartinez', '2023-07-01 00:00:00', 1, '2023-07-08 17:04:48.576058', '2023-07-01');
INSERT INTO public.t_user (user_id, user_password, user_name, user_last_name, user_phone, user_profile_id, user_email, user_group_id, user_status_id, user_user, user_created_date, user_leader_id, user_last_login, user_activated_date) VALUES (10, '$2a$10$ow9bilFYP5irueN7/1noDeP.HHE0VhvIFqj.fQxTHJ1ntplH8NjIm', 'Laura Daniela', 'Alvarez Giraldo', '3214561122', 1, 'lalvarez@cidenet.com.co', 1, 6, 'lalvarez', '2023-07-01 00:00:00', 1, '2023-07-20 16:14:31.374961', '2023-07-01');
INSERT INTO public.t_user (user_id, user_password, user_name, user_last_name, user_phone, user_profile_id, user_email, user_group_id, user_status_id, user_user, user_created_date, user_leader_id, user_last_login, user_activated_date) VALUES (16, '$2a$10$BInJNzyXmNgXScxJXxkquuRYr5PC9Y3RNqH3hqlNeMBLPhSwCJDdm', 'Catherine', 'Zuluaga Alcaraz', '3207667080', 1, 'czuluaga@cidenet.com.co', 1, 6, 'czuluaga', '2023-07-01 00:00:00', 3, '2023-08-02 12:46:14.113925', '2023-07-31');
INSERT INTO public.t_user (user_id, user_password, user_name, user_last_name, user_phone, user_profile_id, user_email, user_group_id, user_status_id, user_user, user_created_date, user_leader_id, user_last_login, user_activated_date) VALUES (18, '$2a$10$B/4u.VdwcDhEvRlsLUej7ekCxWBOvTU70Agf3qkZjUzoguqIlRMCe', 'Claudia Milena', 'Carvajal Gallo', '3136602228', 1, 'ccarvajal@cidenet.com.co', 1, 6, 'ccarvajal', '2023-07-01 00:00:00', 3, '2023-08-02 12:53:43.718541', '2023-07-31');
INSERT INTO public.t_user (user_id, user_password, user_name, user_last_name, user_phone, user_profile_id, user_email, user_group_id, user_status_id, user_user, user_created_date, user_leader_id, user_last_login, user_activated_date) VALUES (19, '$2a$10$uZxj9VxvA4EbhVX1NNy76eLjt6JVMf0CPxmq/.i78v/e9vAgefYSy', 'Manuela', 'Zapata Tamayo', '3206271411', 1, 'mzapata@cidenet.com.co', 1, 6, 'mzapata', '2023-07-01 00:00:00', 3, '2023-08-02 13:04:47.697809', '2023-07-31');

-- changeset pmunoz:77
INSERT INTO public.t_measure (measure_id, measure_describe) VALUES (2, 'Cantidad');
INSERT INTO public.t_measure (measure_id, measure_describe) VALUES (1, 'Porcentaje');
INSERT INTO public.t_measure (measure_id, measure_describe) VALUES (3, 'Monetario');

-- changeset pmunoz:78
INSERT INTO public.t_poll_type (poll_type_id, poll_type_describe) VALUES (1, 'Seguimiento');
INSERT INTO public.t_poll_type (poll_type_id, poll_type_describe) VALUES (2, 'Cierre periodo');

-- changeset pmunoz:79
INSERT INTO public.t_question (question_id, question_describe, question_answer_type_id, question_status_id, question_options) VALUES (2, 'Tuviste algun bloqueo', 2, 10, 'SI,NO');
INSERT INTO public.t_question (question_id, question_describe, question_answer_type_id, question_status_id, question_options) VALUES (1, 'Cumpliste los compromisos en la fecha estimada', 1, 10, NULL);
INSERT INTO public.t_question (question_id, question_describe, question_answer_type_id, question_status_id, question_options) VALUES (3, 'Como te sentiste en este sprint', 2, 10, 'Cansado,Presionado,Entusiasmado,Tranquilo');
INSERT INTO public.t_question (question_id, question_describe, question_answer_type_id, question_status_id, question_options) VALUES (4, '¿Cómo te has sentido en la última semana en tu trabajo?', 3, 10, 'Estresado,Frustrado,Indiferente,Motivado,Feliz');
INSERT INTO public.t_question (question_id, question_describe, question_answer_type_id, question_status_id, question_options) VALUES (5, '¿Cómo puede apoyar tu líder para alcanzar tus compromisos?', 1, 10, NULL);
INSERT INTO public.t_question (question_id, question_describe, question_answer_type_id, question_status_id, question_options) VALUES (6, '¿Cuál fue el mayor logro obtenido en desde el último seguimiento continuo? ', 1, 10, NULL);
INSERT INTO public.t_question (question_id, question_describe, question_answer_type_id, question_status_id, question_options) VALUES (7, '¿En qué te enfocaras como prioridad para el proximo seguimiento?', 1, 10, NULL);
INSERT INTO public.t_question (question_id, question_describe, question_answer_type_id, question_status_id, question_options) VALUES (8, '¿Cuáles consideras que son los mayores logros, aprendizajes y/o experiencias obtenidos en este periodo trabajando en Cidenet?', 1, 10, NULL);
INSERT INTO public.t_question (question_id, question_describe, question_answer_type_id, question_status_id, question_options) VALUES (9, '¿Cuál consideras que ha sido el mayor logro alcanzado por ti en este periodo? ¿Por qué?', 1, 10, NULL);
INSERT INTO public.t_question (question_id, question_describe, question_answer_type_id, question_status_id, question_options) VALUES (10, 'Entre los niveles bajo, medio y alto, ¿Cuál consideras que es tu nivel de satisfacción trabajando en tu rol actual? Justifica tu respuesta', 3, 10, 'Bajo,Medio,Alto');
INSERT INTO public.t_question (question_id, question_describe, question_answer_type_id, question_status_id, question_options) VALUES (11, 'Por tu experiencia trabajando en la compañía ¿Qué tanto la recomendarías a familiares y amigos para trabajar en ella? Elige un valor de 0 a 10 y dinos por qué das ese valor', 3, 10, '0,1,2,3,4,5,6,7,8,9,10');
INSERT INTO public.t_question (question_id, question_describe, question_answer_type_id, question_status_id, question_options) VALUES (12, '¿En general crees que la compañía  se esfuerza por mejorar tu experiencia como empleado? Elige un valor en una escala de 1 a 10 y además cuéntanos por qué das esa valoración. ', 3, 10, '1,2,3,4,5,6,7,8,9,10');
INSERT INTO public.t_question (question_id, question_describe, question_answer_type_id, question_status_id, question_options) VALUES (13, '¿Qué sentimiento refleja mejor cómo te sientes actualmente en la compañía? Elige solo uno e incluye un argumento para decir porqué te sientes así. ', 3, 10, 'Enfadado,Estresado,Aburrido,Frustrado,Decepcionado,Indiferente,Satisfecho,Motivado,Comprometido,Feliz');
INSERT INTO public.t_question (question_id, question_describe, question_answer_type_id, question_status_id, question_options) VALUES (14, '¿Mi líder se toma el tiempo de hacer feedback permitiéndome mejorar mi desempeño en el día a día?', 3, 10, 'Si,No');
INSERT INTO public.t_question (question_id, question_describe, question_answer_type_id, question_status_id, question_options) VALUES (15, '¿Qué crees que falta para potenciar mayores conversaciones con tu líder?', 1, 10, NULL);
INSERT INTO public.t_question (question_id, question_describe, question_answer_type_id, question_status_id, question_options) VALUES (16, 'En una escala del 1 al 5, ¿Qué tan productivo consideras que has sido en este periodo con tus objetivos? ¿Por qué das ese puntaje?', 3, 10, '(1) Nada productivo,2,3,4,(5) Totalmente productivo');
INSERT INTO public.t_question (question_id, question_describe, question_answer_type_id, question_status_id, question_options) VALUES (17, '¿La compañía está proveyendo suficientes oportunidades de crecimiento para tu rol? ¿Si no es así que está faltando?', 3, 10, 'Si,No');
INSERT INTO public.t_question (question_id, question_describe, question_answer_type_id, question_status_id, question_options) VALUES (18, '¿En algún momento has pensado en realizar un cambio de empleo? Si es así, ¿Cómo crees que la compañía podría evitarlo?', 3, 10, 'Si,No');
INSERT INTO public.t_question (question_id, question_describe, question_answer_type_id, question_status_id, question_options) VALUES (19, '¿Tu líder se toma el tiempo de hacer feedback permitiéndote mejorar el  rendimiento en el día a día? Justifica tu respuesta.', 3, 10, 'Si,No');
INSERT INTO public.t_question (question_id, question_describe, question_answer_type_id, question_status_id, question_options) VALUES (20, '¿Definiste objetivos en este periodo? Sin NO fue así ¿por qué no lo hiciste?', 3, 10, 'Si,No');
INSERT INTO public.t_question (question_id, question_describe, question_answer_type_id, question_status_id, question_options) VALUES (21, '¿Sientes que la herramienta Mytiim te ayuda a gestionar el cumplimiento de los objetivos laborales propuestos? ¿Por qué?', 3, 10, 'Si,No');
INSERT INTO public.t_question (question_id, question_describe, question_answer_type_id, question_status_id, question_options) VALUES (22, '¿Cuáles son las tres fortalezas y las tres oportunidades de mejoras que identificas en ti?', 1, 10, NULL);
INSERT INTO public.t_question (question_id, question_describe, question_answer_type_id, question_status_id, question_options) VALUES (23, '¿Cuál consideras que es tu nivel de satisfacción trabajando en la compañía? ¿por qué?', 3, 10, 'Muy insatisfecho,Insatisfecho,Satisfecho,Muy satisfecho');
INSERT INTO public.t_question (question_id, question_describe, question_answer_type_id, question_status_id, question_options) VALUES (24, '¿Qué necesita fortalecer mi líder actual para ser mejor en su rol? ', 1, 10, NULL);
INSERT INTO public.t_question (question_id, question_describe, question_answer_type_id, question_status_id, question_options) VALUES (25, 'Si buscaras un número del 1 al 10 para calificar actualmente tus niveles de estrés ¿Cuál sería? y ¿por qué?', 3, 10, '1,2,3,4,5,6,7,8,9,10');
INSERT INTO public.t_question (question_id, question_describe, question_answer_type_id, question_status_id, question_options) VALUES (26, '¿Cuál consideras que hoy es tu mayor oportunidad de mejora? Establece un objetivo de desarrollo personal (Self-development) para el próximo cuatrimestre.', 1, 10, NULL);
INSERT INTO public.t_question (question_id, question_describe, question_answer_type_id, question_status_id, question_options) VALUES (27, '¿Qué palabras usarías para describir cómo se siente trabajar en la compañía?', 1, 10, NULL);
INSERT INTO public.t_question (question_id, question_describe, question_answer_type_id, question_status_id, question_options) VALUES (28, '¿Describe las 3 principales cualidades que te diferencian como empleado Cidenet?', 1, 10, NULL);

-- changeset pmunoz:80
INSERT INTO public.t_configuration_poll (configuration_poll_id, configuration_poll_required, configuration_poll_period_id, configuration_poll_question_id, configuration_poll_poll_type_id) VALUES (1, true, NULL, 1, 1);
INSERT INTO public.t_configuration_poll (configuration_poll_id, configuration_poll_required, configuration_poll_period_id, configuration_poll_question_id, configuration_poll_poll_type_id) VALUES (8, true, 2, 2, 2);
INSERT INTO public.t_configuration_poll (configuration_poll_id, configuration_poll_required, configuration_poll_period_id, configuration_poll_question_id, configuration_poll_poll_type_id) VALUES (16, false, NULL, 2, 1);
INSERT INTO public.t_configuration_poll (configuration_poll_id, configuration_poll_required, configuration_poll_period_id, configuration_poll_question_id, configuration_poll_poll_type_id) VALUES (18, true, NULL, 3, 1);

-- changeset pmunoz:81
INSERT INTO public.t_configuration_system (configuration_system_id, configuration_system_describe, configuration_system_value) VALUES (1, 'Generar encuesta de seguimiento continuo en dias', '14');
INSERT INTO public.t_configuration_system (configuration_system_id, configuration_system_describe, configuration_system_value) VALUES (2, 'Url de la aplicacion', 'http://190.144.118.234');
INSERT INTO public.t_configuration_system (configuration_system_id, configuration_system_describe, configuration_system_value) VALUES (3, 'Url logotipo para envio de correos', 'https://cidenet.com.co/resources-cidenet/logo.png');

-- changeset pmunoz:82
INSERT INTO public.t_poll (poll_id, poll_describe, poll_period_id, poll_code, poll_status_id, poll_start, poll_end, poll_index) VALUES (29, 'Cierre Periodo', 1, 'CPQ12023', 14, '2023-05-01', '2023-08-31', NULL);
INSERT INTO public.t_poll (poll_id, poll_describe, poll_period_id, poll_code, poll_status_id, poll_start, poll_end, poll_index) VALUES (37, 'Seguimiento Continuo', 2, 'SC8Q22023', 14, '2023-08-14', '2023-08-28', 8);

-- changeset pmunoz:83
INSERT INTO public.t_group_user (group_user_id, group_group_id, user_user_id) VALUES (1, 4, 3);
INSERT INTO public.t_group_user (group_user_id, group_group_id, user_user_id) VALUES (2, 4, 12);
INSERT INTO public.t_group_user (group_user_id, group_group_id, user_user_id) VALUES (3, 4, 13);
INSERT INTO public.t_group_user (group_user_id, group_group_id, user_user_id) VALUES (4, 4, 14);
INSERT INTO public.t_group_user (group_user_id, group_group_id, user_user_id) VALUES (5, 5, 15);
INSERT INTO public.t_group_user (group_user_id, group_group_id, user_user_id) VALUES (6, 5, 16);
INSERT INTO public.t_group_user (group_user_id, group_group_id, user_user_id) VALUES (7, 5, 17);
INSERT INTO public.t_group_user (group_user_id, group_group_id, user_user_id) VALUES (8, 6, 18);
INSERT INTO public.t_group_user (group_user_id, group_group_id, user_user_id) VALUES (9, 6, 19);
INSERT INTO public.t_group_user (group_user_id, group_group_id, user_user_id) VALUES (10, 1, 1);
INSERT INTO public.t_group_user (group_user_id, group_group_id, user_user_id) VALUES (11, 1, 2);
INSERT INTO public.t_group_user (group_user_id, group_group_id, user_user_id) VALUES (12, 1, 4);
INSERT INTO public.t_group_user (group_user_id, group_group_id, user_user_id) VALUES (13, 1, 9);
INSERT INTO public.t_group_user (group_user_id, group_group_id, user_user_id) VALUES (14, 1, 1);
INSERT INTO public.t_group_user (group_user_id, group_group_id, user_user_id) VALUES (15, 1, 10);
INSERT INTO public.t_group_user (group_user_id, group_group_id, user_user_id) VALUES (16, 7, 20);

-- changeset pmunoz:84
INSERT INTO public.t_module (module_id, module_describe, module_param) VALUES (1, 'objetivos', 0);
INSERT INTO public.t_module (module_id, module_describe, module_param) VALUES (2, 'reconocimiento', 0);
INSERT INTO public.t_module (module_id, module_describe, module_param) VALUES (3, 'misPendientes', 0);
INSERT INTO public.t_module (module_id, module_describe, module_param) VALUES (4, 'indicadores', 0);
INSERT INTO public.t_module (module_id, module_describe, module_param) VALUES (5, 'configuraciones', 0);

-- changeset pmunoz:85
INSERT INTO public.t_module_roll (module_roll_id, module_roll_module_id, module_roll_edit, module_roll_option_module_id, module_roll_roll_id) VALUES (1, 1, true, 1, 1);
INSERT INTO public.t_module_roll (module_roll_id, module_roll_module_id, module_roll_edit, module_roll_option_module_id, module_roll_roll_id) VALUES (2, 1, true, 1, 2);
INSERT INTO public.t_module_roll (module_roll_id, module_roll_module_id, module_roll_edit, module_roll_option_module_id, module_roll_roll_id) VALUES (3, 1, true, 1, 3);
INSERT INTO public.t_module_roll (module_roll_id, module_roll_module_id, module_roll_edit, module_roll_option_module_id, module_roll_roll_id) VALUES (4, 1, true, 2, 1);
INSERT INTO public.t_module_roll (module_roll_id, module_roll_module_id, module_roll_edit, module_roll_option_module_id, module_roll_roll_id) VALUES (5, 1, true, 2, 2);
INSERT INTO public.t_module_roll (module_roll_id, module_roll_module_id, module_roll_edit, module_roll_option_module_id, module_roll_roll_id) VALUES (6, 1, true, 2, 3);
INSERT INTO public.t_module_roll (module_roll_id, module_roll_module_id, module_roll_edit, module_roll_option_module_id, module_roll_roll_id) VALUES (7, 1, true, 3, 1);
INSERT INTO public.t_module_roll (module_roll_id, module_roll_module_id, module_roll_edit, module_roll_option_module_id, module_roll_roll_id) VALUES (8, 1, true, 3, 2);
INSERT INTO public.t_module_roll (module_roll_id, module_roll_module_id, module_roll_edit, module_roll_option_module_id, module_roll_roll_id) VALUES (9, 1, true, 3, 3);
INSERT INTO public.t_module_roll (module_roll_id, module_roll_module_id, module_roll_edit, module_roll_option_module_id, module_roll_roll_id) VALUES (10, 1, true, 4, 1);
INSERT INTO public.t_module_roll (module_roll_id, module_roll_module_id, module_roll_edit, module_roll_option_module_id, module_roll_roll_id) VALUES (11, 1, true, 4, 2);
INSERT INTO public.t_module_roll (module_roll_id, module_roll_module_id, module_roll_edit, module_roll_option_module_id, module_roll_roll_id) VALUES (12, 1, true, 4, 3);
INSERT INTO public.t_module_roll (module_roll_id, module_roll_module_id, module_roll_edit, module_roll_option_module_id, module_roll_roll_id) VALUES (13, 1, true, 5, 1);
INSERT INTO public.t_module_roll (module_roll_id, module_roll_module_id, module_roll_edit, module_roll_option_module_id, module_roll_roll_id) VALUES (14, 1, true, 5, 2);
INSERT INTO public.t_module_roll (module_roll_id, module_roll_module_id, module_roll_edit, module_roll_option_module_id, module_roll_roll_id) VALUES (15, 1, true, 5, 3);
INSERT INTO public.t_module_roll (module_roll_id, module_roll_module_id, module_roll_edit, module_roll_option_module_id, module_roll_roll_id) VALUES (16, 1, false, 6, 1);
INSERT INTO public.t_module_roll (module_roll_id, module_roll_module_id, module_roll_edit, module_roll_option_module_id, module_roll_roll_id) VALUES (17, 1, true, 6, 2);
INSERT INTO public.t_module_roll (module_roll_id, module_roll_module_id, module_roll_edit, module_roll_option_module_id, module_roll_roll_id) VALUES (18, 1, true, 6, 3);
INSERT INTO public.t_module_roll (module_roll_id, module_roll_module_id, module_roll_edit, module_roll_option_module_id, module_roll_roll_id) VALUES (19, 2, true, 7, 1);
INSERT INTO public.t_module_roll (module_roll_id, module_roll_module_id, module_roll_edit, module_roll_option_module_id, module_roll_roll_id) VALUES (20, 2, true, 7, 2);
INSERT INTO public.t_module_roll (module_roll_id, module_roll_module_id, module_roll_edit, module_roll_option_module_id, module_roll_roll_id) VALUES (21, 2, true, 7, 3);
INSERT INTO public.t_module_roll (module_roll_id, module_roll_module_id, module_roll_edit, module_roll_option_module_id, module_roll_roll_id) VALUES (22, 3, true, 8, 1);
INSERT INTO public.t_module_roll (module_roll_id, module_roll_module_id, module_roll_edit, module_roll_option_module_id, module_roll_roll_id) VALUES (23, 3, true, 8, 2);
INSERT INTO public.t_module_roll (module_roll_id, module_roll_module_id, module_roll_edit, module_roll_option_module_id, module_roll_roll_id) VALUES (24, 3, true, 8, 3);
INSERT INTO public.t_module_roll (module_roll_id, module_roll_module_id, module_roll_edit, module_roll_option_module_id, module_roll_roll_id) VALUES (25, 4, false, 9, 1);
INSERT INTO public.t_module_roll (module_roll_id, module_roll_module_id, module_roll_edit, module_roll_option_module_id, module_roll_roll_id) VALUES (26, 4, false, 9, 2);
INSERT INTO public.t_module_roll (module_roll_id, module_roll_module_id, module_roll_edit, module_roll_option_module_id, module_roll_roll_id) VALUES (27, 4, true, 9, 3);
INSERT INTO public.t_module_roll (module_roll_id, module_roll_module_id, module_roll_edit, module_roll_option_module_id, module_roll_roll_id) VALUES (28, 5, false, 10, 1);
INSERT INTO public.t_module_roll (module_roll_id, module_roll_module_id, module_roll_edit, module_roll_option_module_id, module_roll_roll_id) VALUES (29, 5, false, 10, 2);
INSERT INTO public.t_module_roll (module_roll_id, module_roll_module_id, module_roll_edit, module_roll_option_module_id, module_roll_roll_id) VALUES (30, 5, true, 10, 3);
INSERT INTO public.t_module_roll (module_roll_id, module_roll_module_id, module_roll_edit, module_roll_option_module_id, module_roll_roll_id) VALUES (31, 5, false, 11, 1);
INSERT INTO public.t_module_roll (module_roll_id, module_roll_module_id, module_roll_edit, module_roll_option_module_id, module_roll_roll_id) VALUES (32, 5, false, 11, 2);
INSERT INTO public.t_module_roll (module_roll_id, module_roll_module_id, module_roll_edit, module_roll_option_module_id, module_roll_roll_id) VALUES (33, 5, true, 11, 3);
INSERT INTO public.t_module_roll (module_roll_id, module_roll_module_id, module_roll_edit, module_roll_option_module_id, module_roll_roll_id) VALUES (34, 1, false, 12, 1);
INSERT INTO public.t_module_roll (module_roll_id, module_roll_module_id, module_roll_edit, module_roll_option_module_id, module_roll_roll_id) VALUES (35, 1, true, 12, 2);
INSERT INTO public.t_module_roll (module_roll_id, module_roll_module_id, module_roll_edit, module_roll_option_module_id, module_roll_roll_id) VALUES (36, 1, true, 12, 3);
INSERT INTO public.t_module_roll (module_roll_id, module_roll_module_id, module_roll_edit, module_roll_option_module_id, module_roll_roll_id) VALUES (37, 1, false, 13, 1);
INSERT INTO public.t_module_roll (module_roll_id, module_roll_module_id, module_roll_edit, module_roll_option_module_id, module_roll_roll_id) VALUES (38, 1, true, 13, 2);
INSERT INTO public.t_module_roll (module_roll_id, module_roll_module_id, module_roll_edit, module_roll_option_module_id, module_roll_roll_id) VALUES (39, 1, true, 13, 3);
INSERT INTO public.t_module_roll (module_roll_id, module_roll_module_id, module_roll_edit, module_roll_option_module_id, module_roll_roll_id) VALUES (40, 5, false, 14, 1);
INSERT INTO public.t_module_roll (module_roll_id, module_roll_module_id, module_roll_edit, module_roll_option_module_id, module_roll_roll_id) VALUES (41, 5, false, 14, 2);
INSERT INTO public.t_module_roll (module_roll_id, module_roll_module_id, module_roll_edit, module_roll_option_module_id, module_roll_roll_id) VALUES (42, 5, true, 14, 3);

-- changeset pmunoz:86
INSERT INTO public.t_notification_type (notification_type_id, notification_type_describe) VALUES (1, 'Creacion y notificacion automatica de encuestas');

-- changeset pmunoz:87
INSERT INTO public.t_option_module (option_module_id, option_module_describe, option_module_status_id) VALUES (1, 'verObjetivos', 18);
INSERT INTO public.t_option_module (option_module_id, option_module_describe, option_module_status_id) VALUES (2, 'crearObjetivos', 18);
INSERT INTO public.t_option_module (option_module_id, option_module_describe, option_module_status_id) VALUES (3, 'editarObjetivos', 18);
INSERT INTO public.t_option_module (option_module_id, option_module_describe, option_module_status_id) VALUES (4, 'registrarAvance', 18);
INSERT INTO public.t_option_module (option_module_id, option_module_describe, option_module_status_id) VALUES (5, 'verDetalle', 18);
INSERT INTO public.t_option_module (option_module_id, option_module_describe, option_module_status_id) VALUES (7, 'verReconocimientos', 18);
INSERT INTO public.t_option_module (option_module_id, option_module_describe, option_module_status_id) VALUES (8, 'verMisPendientes', 18);
INSERT INTO public.t_option_module (option_module_id, option_module_describe, option_module_status_id) VALUES (9, 'verIndicadores', 18);
INSERT INTO public.t_option_module (option_module_id, option_module_describe, option_module_status_id) VALUES (10, 'encuestaCierrePeriodo', 18);
INSERT INTO public.t_option_module (option_module_id, option_module_describe, option_module_status_id) VALUES (11, 'encuestaSeguimientoContinuo', 18);
INSERT INTO public.t_option_module (option_module_id, option_module_describe, option_module_status_id) VALUES (12, 'editarObjetivosOtrosUsuarios', 18);
INSERT INTO public.t_option_module (option_module_id, option_module_describe, option_module_status_id) VALUES (13, 'registrarAvObjetivosOtrosUsuarios', 18);
INSERT INTO public.t_option_module (option_module_id, option_module_describe, option_module_status_id) VALUES (6, 'verObjetivosOtrosUsuarios', 18);
INSERT INTO public.t_option_module (option_module_id, option_module_describe, option_module_status_id) VALUES (14, 'verConfiguraciones', 18);

-- changeset pmunoz:88
INSERT INTO public.t_poll_question (poll_question_id, poll_question_poll_id, poll_question_question_id, poll_question_required) VALUES (57, 29, 2, true);
INSERT INTO public.t_poll_question (poll_question_id, poll_question_poll_id, poll_question_question_id, poll_question_required) VALUES (79, 37, 1, true);
INSERT INTO public.t_poll_question (poll_question_id, poll_question_poll_id, poll_question_question_id, poll_question_required) VALUES (80, 37, 2, false);
INSERT INTO public.t_poll_question (poll_question_id, poll_question_poll_id, poll_question_question_id, poll_question_required) VALUES (81, 37, 3, true);

-- changeset pmunoz:89
INSERT INTO public.t_poll_user (poll_user_id, poll_user_user_id, poll_user_poll_id, poll_user_created_date, poll_user_status_id, poll_user_ended_date) VALUES (19, 3, 29, '2023-07-27', 17, '2023-08-01');
INSERT INTO public.t_poll_user (poll_user_id, poll_user_user_id, poll_user_poll_id, poll_user_created_date, poll_user_status_id, poll_user_ended_date) VALUES (18, 4, 29, '2023-07-27', 17, NULL);
INSERT INTO public.t_poll_user (poll_user_id, poll_user_user_id, poll_user_poll_id, poll_user_created_date, poll_user_status_id, poll_user_ended_date) VALUES (20, 9, 29, '2023-07-27', 17, NULL);
INSERT INTO public.t_poll_user (poll_user_id, poll_user_user_id, poll_user_poll_id, poll_user_created_date, poll_user_status_id, poll_user_ended_date) VALUES (21, 10, 29, '2023-07-27', 17, NULL);
INSERT INTO public.t_poll_user (poll_user_id, poll_user_user_id, poll_user_poll_id, poll_user_created_date, poll_user_status_id, poll_user_ended_date) VALUES (22, 1, 29, '2023-07-27', 17, NULL);
INSERT INTO public.t_poll_user (poll_user_id, poll_user_user_id, poll_user_poll_id, poll_user_created_date, poll_user_status_id, poll_user_ended_date) VALUES (64, 2, 37, '2023-08-14', 17, NULL);
INSERT INTO public.t_poll_user (poll_user_id, poll_user_user_id, poll_user_poll_id, poll_user_created_date, poll_user_status_id, poll_user_ended_date) VALUES (65, 9, 37, '2023-08-14', 17, NULL);
INSERT INTO public.t_poll_user (poll_user_id, poll_user_user_id, poll_user_poll_id, poll_user_created_date, poll_user_status_id, poll_user_ended_date) VALUES (66, 10, 37, '2023-08-14', 17, NULL);
INSERT INTO public.t_poll_user (poll_user_id, poll_user_user_id, poll_user_poll_id, poll_user_created_date, poll_user_status_id, poll_user_ended_date) VALUES (67, 4, 37, '2023-08-14', 17, NULL);
INSERT INTO public.t_poll_user (poll_user_id, poll_user_user_id, poll_user_poll_id, poll_user_created_date, poll_user_status_id, poll_user_ended_date) VALUES (68, 1, 37, '2023-08-14', 17, NULL);
INSERT INTO public.t_poll_user (poll_user_id, poll_user_user_id, poll_user_poll_id, poll_user_created_date, poll_user_status_id, poll_user_ended_date) VALUES (69, 3, 37, '2023-08-14', 17, NULL);

-- changeset pmunoz:90
INSERT INTO public.t_roll (roll_id, roll_describe) VALUES (1, 'Empleado');
INSERT INTO public.t_roll (roll_id, roll_describe) VALUES (2, 'Líder');
INSERT INTO public.t_roll (roll_id, roll_describe) VALUES (3, 'Administrador');
INSERT INTO public.t_roll (roll_id, roll_describe) VALUES (4, 'empleado');
INSERT INTO public.t_roll (roll_id, roll_describe) VALUES (5, 'lider');
INSERT INTO public.t_roll (roll_id, roll_describe) VALUES (6, 'administrador');

-- changeset pmunoz:91
INSERT INTO public.t_roll_user (roll_user_id, roll_roll_user_id, roll_roll_id) VALUES (3, 1, 3);
INSERT INTO public.t_roll_user (roll_user_id, roll_roll_user_id, roll_roll_id) VALUES (5, 2, 1);
INSERT INTO public.t_roll_user (roll_user_id, roll_roll_user_id, roll_roll_id) VALUES (6, 2, 2);
INSERT INTO public.t_roll_user (roll_user_id, roll_roll_user_id, roll_roll_id) VALUES (7, 3, 1);
INSERT INTO public.t_roll_user (roll_user_id, roll_roll_user_id, roll_roll_id) VALUES (8, 3, 2);
INSERT INTO public.t_roll_user (roll_user_id, roll_roll_user_id, roll_roll_id) VALUES (9, 3, 3);
INSERT INTO public.t_roll_user (roll_user_id, roll_roll_user_id, roll_roll_id) VALUES (10, 4, 1);
INSERT INTO public.t_roll_user (roll_user_id, roll_roll_user_id, roll_roll_id) VALUES (11, 4, 2);
INSERT INTO public.t_roll_user (roll_user_id, roll_roll_user_id, roll_roll_id) VALUES (12, 9, 1);
INSERT INTO public.t_roll_user (roll_user_id, roll_roll_user_id, roll_roll_id) VALUES (13, 9, 2);
INSERT INTO public.t_roll_user (roll_user_id, roll_roll_user_id, roll_roll_id) VALUES (14, 10, 1);
INSERT INTO public.t_roll_user (roll_user_id, roll_roll_user_id, roll_roll_id) VALUES (15, 10, 2);
INSERT INTO public.t_roll_user (roll_user_id, roll_roll_user_id, roll_roll_id) VALUES (2, 1, 2);
INSERT INTO public.t_roll_user (roll_user_id, roll_roll_user_id, roll_roll_id) VALUES (1, 1, 1);
INSERT INTO public.t_roll_user (roll_user_id, roll_roll_user_id, roll_roll_id) VALUES (16, 12, 1);
INSERT INTO public.t_roll_user (roll_user_id, roll_roll_user_id, roll_roll_id) VALUES (17, 13, 1);
INSERT INTO public.t_roll_user (roll_user_id, roll_roll_user_id, roll_roll_id) VALUES (18, 14, 1);
INSERT INTO public.t_roll_user (roll_user_id, roll_roll_user_id, roll_roll_id) VALUES (19, 15, 1);
INSERT INTO public.t_roll_user (roll_user_id, roll_roll_user_id, roll_roll_id) VALUES (20, 15, 2);
INSERT INTO public.t_roll_user (roll_user_id, roll_roll_user_id, roll_roll_id) VALUES (21, 16, 1);
INSERT INTO public.t_roll_user (roll_user_id, roll_roll_user_id, roll_roll_id) VALUES (22, 17, 1);
INSERT INTO public.t_roll_user (roll_user_id, roll_roll_user_id, roll_roll_id) VALUES (23, 18, 1);
INSERT INTO public.t_roll_user (roll_user_id, roll_roll_user_id, roll_roll_id) VALUES (24, 19, 1);
INSERT INTO public.t_roll_user (roll_user_id, roll_roll_user_id, roll_roll_id) VALUES (25, 20, 1);
INSERT INTO public.t_roll_user (roll_user_id, roll_roll_user_id, roll_roll_id) VALUES (26, 20, 2);
INSERT INTO public.t_roll_user (roll_user_id, roll_roll_user_id, roll_roll_id) VALUES (27, 20, 3);

-- changeset pmunoz:92
ALTER SEQUENCE t_answer_type_answer_type_id_seq RESTART WITH 2;
ALTER SEQUENCE t_answer_value_answer_value_id_seq RESTART WITH 1;
ALTER SEQUENCE t_comment_comment_id_seq RESTART WITH 71;
-- ALTER SEQUENCE t_comment_feeback_comment_feeback_id_seq RESTART WITH 12;
ALTER SEQUENCE t_comment_type_comment_type_id_seq RESTART WITH 3;
ALTER SEQUENCE t_comment_user_comment_user_id_seq RESTART WITH 21;
ALTER SEQUENCE t_commitment_commitment_id_seq RESTART WITH 71;
ALTER SEQUENCE t_detail_poll_detail_poll_id_seq RESTART WITH 16;
-- ALTER SEQUENCE t_follow_close_poll_follow_close_poll_id_seq RESTART WITH 18;
ALTER SEQUENCE t_group_group_id_seq RESTART WITH 7;
ALTER SEQUENCE t_group_user_group_user_id_seq RESTART WITH 16;
ALTER SEQUENCE t_measure_measure_id_seq RESTART WITH 5;
ALTER SEQUENCE t_module_module_id_seq RESTART WITH 5;
ALTER SEQUENCE t_module_roll_module_roll_id_seq RESTART WITH 42;
ALTER SEQUENCE t_notification_log_notification_log_id_seq RESTART WITH 137;
ALTER SEQUENCE t_notification_type_notification_type_id_seq RESTART WITH 1;
ALTER SEQUENCE t_objective_objective_id_seq RESTART WITH 234;
ALTER SEQUENCE t_objective_type_objective_type_id_seq RESTART WITH 2;
ALTER SEQUENCE t_option_module_option_module_id_seq RESTART WITH 14;
ALTER SEQUENCE t_period_period_id_seq RESTART WITH 11;
ALTER SEQUENCE t_poll_poll_id_seq RESTART WITH 37;
ALTER SEQUENCE t_poll_question_poll_question_id_seq RESTART WITH 81;
ALTER SEQUENCE t_poll_type_poll_type_id_seq RESTART WITH 2;
ALTER SEQUENCE t_poll_user_poll_user_id_seq RESTART WITH 69;
ALTER SEQUENCE t_question_question_id_seq RESTART WITH 28;
ALTER SEQUENCE t_roll_roll_id_seq RESTART WITH 6;
ALTER SEQUENCE t_roll_user_roll_user_id_seq RESTART WITH 27;
ALTER SEQUENCE t_status_status_id_seq RESTART WITH 6;
ALTER SEQUENCE t_user_user_id_seq RESTART WITH 20;
